label,Amino acid metabolism and transport,Carbohydrate metabolism and transport,Cell cycle control and mitosis,Cell motility,Cell wall/membrane/envelope biogenesis,Chromatin structure and dynamics,Coenzyme metabolism,Cytoskeleton,Defense mechanisms,Energy production and conversion,Inorganic ion transport and metabolism,Intracellular trafficing and secretion,Lipid metabolism,Nucleotide metabolism and transport,"Post-translational modification, protein turnover, chaperone functions",RNA processing and modification,Replication and repair,Secondary structure,Signal transduction,Transcription,Translation,pangea_id,Environmental Feature,Biome,Region,Province,Latitude,Longitude,Depth (m),Temperature (°C),Salinity (PSU),Oxygen (µmol/kg),Nitrates (µmol/L),NO2 (µmol/L),PO4 (µmol/L)
TARA_004_DCM_0.22-1.6,0.0858354910224651,0.05873848089780967,0.001529692829567447,0.02438416914375437,0.02231667744975482,0.0001119419339820749,0.03909438186777448,0.0,0.01155317520832494,0.31928427939889836,0.012972044326911073,0.02788278872615214,0.009694683028368782,0.04558393831700719,0.02126175818694599,0.0,0.060687353960522446,0.024357380055834654,0.008788488853493488,0.10745228191680928,0.11847099287562388,TARA_X000000368,DCM,Westerlies,NAO,NAST-E,36.57,-6.54,38.7,16.2,36.6,,,,
TARA_004_SRF_0.22-1.6,0.08077881515026945,0.04642854538664614,0.0036669170732718,0.03545426461402808,0.01826649717138958,0.0003715571700419672,0.05607006719437629,0.0,0.04505183576886865,0.41921835637815147,0.007156153168832507,0.02996752825650927,0.015670882332124728,0.05801870696122601,0.011184029034696695,0.0,0.049273582047,0.010661146270934688,0.007017298171246303,0.07117739936977291,0.03456641848061345,TARA_Y200000002,SRF,Westerlies,NAO,NAST-E,36.55,-6.57,10.0,20.5,36.6,,,,
TARA_007_DCM_0.22-1.6,0.05290627142825057,0.09151655078366824,0.0016823654927738728,0.03323408286585979,0.019290184618021348,0.0005327060754529174,0.03239580731013568,0.0,0.029613186315831798,0.2503554362045883,0.012192228581414112,0.06420235908497783,0.014395550803040252,0.034396099360950345,0.024552554822208587,0.0,0.1140440433877716,0.022753144627805123,0.03147163841551801,0.10157353319902676,0.06889225662270484,TARA_A200000159,DCM,Westerlies,MS,MEDI,37.04,1.95,41.7,17.4,,,,0.0,0.01
TARA_007_SRF_0.22-1.6,0.06542228503908502,0.09321516158660255,0.010398522362057943,0.04978897241777711,0.03363978428556931,0.000824070364226836,0.039916457355801814,0.0,0.02961575482929467,0.2459651079465054,0.015426458656966631,0.06547645996167746,0.015659092270034893,0.028691570328039644,0.014953814160224791,0.0,0.085702795663211,0.0326826492243917,0.021490179979558804,0.10671862740099257,0.044412236167981824,TARA_A200000113,SRF,Westerlies,MS,MEDI,37.02,1.95,7.5,23.8,37.5,,,0.0,0.06
TARA_009_DCM_0.22-1.6,0.06595764122991632,0.058541736541035574,0.0017700689117437828,0.026450080681216837,0.029015885536780955,0.00024046089028173325,0.03241601076055798,0.0,0.0064213650615778835,0.2245523853140053,0.0154333176972508,0.02631920777582798,0.010468230370950744,0.04190595390814546,0.035393948867319475,0.0,0.06138008023186358,0.026768448035826817,0.01642079814183492,0.14595391362117452,0.17459046642268936,TARA_X000001036,DCM,Westerlies,MS,MEDI,39.07,5.86,55.0,16.2,37.8,,,0.02,0.02
TARA_009_SRF_0.22-1.6,0.056574979260043345,0.07541536172886888,0.012150602617242958,0.06368309422749736,0.036200686323682826,0.0010247689981167992,0.05428908069474357,0.0,0.03937786457328756,0.2771016597374959,0.018341073408670916,0.06354355614390479,0.018729976010643707,0.03872458975926955,0.015419773905581313,0.0,0.07589752979055599,0.016424153182833835,0.01991379669306415,0.09795062745504436,0.01923682548945214,TARA_X000000950,SRF,Westerlies,MS,MEDI,39.07,5.86,5.8,23.9,38.0,,,0.01,0.02
TARA_018_DCM_0.22-1.6,0.07762837838739735,0.03557060046888928,0.004394831671351194,0.020648884371040305,0.013899494430662317,0.0004244923449566038,0.055142317089730296,0.0,0.07836754549180391,0.38275312838378994,0.0037896769583622455,0.023651120337929137,0.009376127413430446,0.05294638634441055,0.019388602743562324,0.0,0.057342971946250994,0.01567667228134943,0.00415814961423559,0.0782631311714866,0.06657748854936164,TARA_S200000501,DCM,Westerlies,MS,MEDI,35.76,14.25,61.6,18.4,37.9,237.9,,0.03,0.01
TARA_018_SRF_0.22-1.6,0.08079640896937682,0.03570633691428655,0.004584101531879842,0.02024875545030955,0.015672728259126044,0.00032210439184825196,0.05240713914532053,0.0,0.07570421518269463,0.3693451047626686,0.006261711996358213,0.021492156917295432,0.01077949176843787,0.04823974453829946,0.022337722744660053,0.0,0.05493284730939314,0.018935989992386396,0.005400212224625481,0.08179798876340405,0.07503523913762897,TARA_A100000164,SRF,Westerlies,MS,MEDI,35.76,14.26,5.4,21.4,37.9,207.8,,0.02,0.03
TARA_023_DCM_0.22-1.6,0.07713765451444435,0.08048996955785376,0.002232163927175715,0.028254772604994177,0.023778063400327606,0.0006974335029804966,0.031897893302868886,0.0,0.013331709641183942,0.2911296907765896,0.018607676699735655,0.02897281641938733,0.015411483855607498,0.03602524525012232,0.022231248601801992,0.0,0.10710459625116205,0.03531020768154024,0.018165477154903607,0.09400442273581984,0.07521747412150089,TARA_E500000081,DCM,Westerlies,MS,MEDI,42.17,17.72,55.2,15.7,38.4,224.3,,0.01,0.01
TARA_023_SRF_0.22-1.6,0.07771797904062502,0.07510208044867675,0.006679392843661924,0.05065641944947946,0.041141281245898415,0.0006140631474052932,0.030110796619633017,0.0,0.022406867927198114,0.27739841980009183,0.01663865562099504,0.03778351726343472,0.020861323503924833,0.02832187210754234,0.023499922761921224,0.0,0.09489476358515242,0.025107325996005334,0.029352829141418967,0.0960723304139793,0.04564015908295595,TARA_E500000075,SRF,Westerlies,MS,MEDI,42.21,17.71,5.5,17.6,38.2,220.0,,0.01,0.01
TARA_025_DCM_0.22-1.6,0.07052674623230541,0.03218261818871886,0.0013964369799346725,0.012663986376918353,0.0233201258246202,0.00044088955643562433,0.051251667162205895,0.0,0.021605495712714848,0.4339275313894542,0.010442912233216608,0.011469902650269205,0.00777553422935552,0.04517472687616002,0.02831432708681942,0.0,0.053572013756242855,0.01186143777868442,0.012411065180544325,0.09728925650922775,0.07437332627617171,TARA_E500000331,DCM,Westerlies,MS,MEDI,39.41,19.38,51.7,15.2,38.5,229.5,,0.07,0.07
TARA_025_SRF_0.22-1.6,0.06792969247733693,0.06582656871443023,0.005611298816373193,0.05475811030406583,0.03785956215881945,0.0004240223563148768,0.05434218734501656,0.0,0.026778994205099382,0.30656659678776016,0.02831020770974904,0.03995118862842747,0.022269055503666875,0.0485434271575731,0.0225030337966754,0.0,0.09436373224459671,0.009336872092193225,0.02840244369581183,0.07391446779874106,0.012308538207348667,TARA_E500000178,SRF,Westerlies,MS,MEDI,39.39,19.39,5.5,18.3,38.2,218.0,,0.0,0.01
TARA_030_DCM_0.22-1.6,0.0866803492045674,0.056220920995718,0.007040741456635518,0.02470365065818435,0.020982345145700135,0.00042213546253042105,0.060842010066847245,0.0,0.06772359689021337,0.3890625648524602,0.008220582816515599,0.029198955153044666,0.014180625725065992,0.04074663296422129,0.01816838771838357,0.0,0.06071460940241279,0.026481398824624917,0.008532011250512807,0.05922125006423648,0.02085723134812519,TARA_A100001011,DCM,Westerlies,MS,MEDI,33.93,32.77,69.1,19.0,39.3,218.1,0.3,0.01,0.0
TARA_030_SRF_0.22-1.6,0.05552544183476284,0.08171037326371935,0.014952998502197183,0.029566235072355732,0.04303874747252516,0.00029843652838680855,0.04793940761958281,0.0,0.020958691240189776,0.24324424209498396,0.011663696581307458,0.05672824964384886,0.02610339307951731,0.015720129514360193,0.016512934206011954,0.0,0.17558747274791572,0.04288199468299174,0.012979454095284611,0.061012578578946514,0.04357552324111203,TARA_A100001015,SRF,Westerlies,MS,MEDI,33.92,32.89,5.4,20.5,39.4,207.6,-0.7,0.0,0.0
TARA_031_SRF_0.22-1.6,0.06156446773300693,0.02402909458878955,0.0030020442245202996,0.014795427291618897,0.013171899244052395,0.00011832260852557571,0.05634361133522418,0.0,0.03683115166700485,0.5044054720009706,0.006494173409026239,0.013209204393989553,0.004575680941663898,0.07173594146842356,0.03489996233686786,0.0,0.03867123719088718,0.006966566426550542,0.0030235355189674904,0.07646110399482746,0.029701103625082912,TARA_A100001388,SRF,Coastal,RS,REDS,27.16,34.83,5.4,25.1,40.0,188.8,-0.1,0.01,0.02
TARA_032_DCM_0.22-1.6,0.06295398747374979,0.05671006103720545,0.0025813548706156517,0.022730903995078676,0.03735616101445601,0.0034801651686165603,0.030212599647457927,0.0,0.005105151276596806,0.18441024082220653,0.02485261299307832,0.026439761680677357,0.00756095036078049,0.04592667772692601,0.05994876112569411,0.0,0.06837291891731462,0.0159591534710966,0.02440243041205971,0.13592164746090868,0.18507446054548074,TARA_A100001037,DCM,Coastal,RS,REDS,23.38,37.29,85.5,26.1,40.2,180.0,1.2,0.01,0.03
TARA_032_SRF_0.22-1.6,0.06351297965725144,0.029403385941506894,0.002468579749431635,0.012943350550760744,0.011353560181061999,6.71308553142633e-05,0.06369358033206332,0.0,0.03588013297442444,0.4866822498224295,0.005401505533518077,0.01140031561884134,0.0034494861424496353,0.07707683321808016,0.03384649576355468,0.0,0.04282140906255893,0.01256851741887638,0.002692203538596237,0.07258759071512742,0.0321506929241529,TARA_A100001035,SRF,Coastal,RS,REDS,23.36,37.22,5.4,25.8,39.7,188.4,-0.5,0.01,0.02
TARA_033_SRF_0.22-1.6,0.05719840870449742,0.0673245245667789,0.002415399697164359,0.02770942013013113,0.025076040527062242,5.3835289956981225e-05,0.05728381947363567,0.0,0.017045119372331323,0.3408426587890116,0.024203628739175958,0.023940896158362097,0.00963424455752566,0.0752605973099868,0.02764225676403791,0.0,0.06033024674736493,0.01615670005584081,0.00756878200483296,0.07086987816782352,0.08944354294447975,TARA_A100001234,SRF,Coastal,RS,REDS,21.98,38.24,5.4,27.3,38.9,182.8,0.0,0.0,0.05
TARA_034_DCM_0.22-1.6,0.06417325775010177,0.04839581398747102,0.0014793464416970289,0.016173886345052856,0.04913520423779081,0.002666671161535656,0.03361811063019376,0.0,0.003539430384755251,0.14197155342390624,0.033959057528542363,0.02624122177787491,0.012119099224279976,0.04345016328612917,0.05440451777439849,0.0,0.04902225245898574,0.011677517783163033,0.029808976058595733,0.16486364804834794,0.2133002716971782,TARA_B100000029,DCM,Coastal,RS,REDS,18.4,39.86,60.1,27.6,38.9,175.4,0.1,0.27,0.09
TARA_034_SRF_0.22-1.6,0.05795762483820465,0.07532411791906128,0.002898501769632329,0.042742383905630815,0.029276851202266474,0.00012044874795376596,0.03698352567231077,0.0,0.013947195034245572,0.27367280528082144,0.02247928970156355,0.02670830026939745,0.007830117437829874,0.06740762342574438,0.02791384217040659,0.0,0.06902359810532133,0.022522941186613007,0.00792723350817036,0.08494141024129925,0.13032218958352712,TARA_B100000003,SRF,Coastal,RS,REDS,18.4,39.88,5.4,27.6,38.6,184.1,-0.9,0.02,0.19
TARA_036_DCM_0.22-1.6,0.05834060511582348,0.09586213513747799,0.0028615281591317003,0.03902441973002456,0.036463799009676376,0.0009568962116357293,0.04246465514707523,0.0,0.0070746937272927225,0.2799001772196107,0.018754100001484916,0.036880496406516985,0.016988117164857607,0.05073609623579606,0.01775596181515751,0.0,0.1090395421363729,0.01860119227206808,0.008728912086129947,0.07400954212776735,0.08555713029610028,TARA_B100000035,DCM,Coastal,IO,ARAB,20.82,63.51,17.4,25.4,36.5,211.6,0.4,0.51,0.51
TARA_036_SRF_0.22-1.6,0.046036819507550245,0.09144918496563346,0.002450499474350474,0.05526920302009559,0.043480388015252176,0.0012342326054033236,0.03943055982647161,0.0,0.007222567353540282,0.28504444245136173,0.01916245432552244,0.042809500944850865,0.01563831543612945,0.055773632576297506,0.013680019878881167,0.0,0.12173625591739883,0.01458668555277042,0.011848176434492359,0.0702098930066219,0.06293716870737612,TARA_Y100000022,SRF,Coastal,IO,ARAB,20.82,63.5,5.5,25.6,36.5,210.9,,0.05,0.37
TARA_037_MES_0.22-1.6,0.09971359365627602,0.021346507413580254,0.009276754711685918,0.006586797151922168,0.04379700828180151,0.0008626149583499842,0.024421031948630014,0.0,0.005412790375074886,0.35845868942858705,0.029637035066315296,0.010460649241350574,0.059658746798524905,0.010223939642075283,0.03564418685136255,0.0,0.06748879814218614,0.006515085063904514,0.015689050184835886,0.11574210250999431,0.07906461857354258,TARA_B100000315,MES/OMZ,Coastal,IO,ARAB,20.83,63.61,595.1,12.1,35.7,1.6,31.8,0.07,2.91
TARA_038_DCM_0.22-1.6,0.053191553995256165,0.07016206783418742,0.0024457848437028735,0.01680871179456027,0.02273145151695936,8.740838403800451e-05,0.0669778658372861,0.0,0.015411111993032913,0.33305726140208947,0.02342013430932563,0.02252600297695682,0.008431691915417308,0.0678678462015589,0.03268891521767781,0.0,0.08774195265908138,0.014136920560673212,0.01492209590453868,0.07310289485567338,0.0742883277979843,TARA_B100000073,DCM,Trades,IO,MONS,19.03,64.62,25.3,25.5,,154.7,1.2,0.7,0.42
TARA_038_MES_0.22-1.6,0.10386656646731525,0.019896644163660677,0.010359140145132601,0.004894504350508598,0.04201123831049887,0.0006731827062118503,0.02578173030824591,0.0,0.00645228031068654,0.40974881121853446,0.02613377946749951,0.011093895316026649,0.0642504680656145,0.008134990699685238,0.037001869390714974,0.0,0.06961145539911762,0.007440056411508258,0.018123909080792075,0.08802983246067606,0.04649564572757022,TARA_Y100000294,MES/OMZ,Trades,IO,MONS,19.01,64.57,337.7,15.0,36.0,2.4,22.4,0.69,2.64
TARA_038_SRF_0.22-1.6,0.05586896488728474,0.07436116490177157,0.0019502854676008397,0.029444603324566856,0.02023170081371845,0.000522392004223961,0.0549337309650569,0.0,0.014658569339581108,0.32864416772804095,0.014970708846128057,0.02719506060576597,0.00928421772807334,0.06944514521323272,0.019392504529028378,0.0,0.09770195166175871,0.015826820964599902,0.010649642333911016,0.0770077731377515,0.07791059554790503,TARA_Y100000287,SRF,Trades,IO,MONS,19.04,64.49,5.5,26.2,36.6,199.9,0.9,0.01,0.32
TARA_039_DCM_0.22-1.6,0.050993208784568894,0.07774283514847988,0.001401425220339929,0.02230126349649122,0.02131958713028097,6.833369069448165e-05,0.06034135752743385,0.0,0.024792955449621658,0.3700089879152073,0.015925773004135845,0.022248108410145448,0.009277323498153198,0.05314775220735964,0.03088340842379397,0.0,0.09016049767854174,0.018582721254345933,0.008869886148169514,0.060029432720666284,0.06190514229157015,TARA_B100000085,DCM,Trades,IO,MONS,18.57,66.49,25.3,26.8,36.3,193.0,-0.6,0.02,0.26
TARA_039_MES_0.22-1.6,0.10006617582739102,0.01746534837720706,0.01207763820279581,0.005821119262298359,0.041064665595919335,0.0006910215704143477,0.02449193205056822,0.0,0.006310055825144943,0.4055141941543449,0.027345877888807588,0.012073226400145763,0.06589838264594441,0.006634359573003484,0.03480942327283999,0.0,0.07134170404156968,0.008192418459507845,0.017252719543834758,0.09478735248014453,0.04816238482811798,TARA_Y100000031,MES/OMZ,Trades,IO,MONS,18.72,66.36,268.2,15.6,35.9,2.3,19.6,2.07,2.64
TARA_041_DCM_0.22-1.6,0.04650695302945852,0.055898134608858535,0.0014668377825381204,0.04642318176942336,0.03006905662777401,5.9286178535810045e-05,0.03167611468239369,0.0,0.025519092328669477,0.26380195966340836,0.011013104818325513,0.032077007050208085,0.009895626172686004,0.04424782612786127,0.02519337875863582,0.0,0.08803811958145373,0.021139531490108207,0.010860381477893916,0.11598666804498367,0.14012773980678397,TARA_B100000287,DCM,Trades,IO,MONS,14.56,70.01,58.2,27.1,36.5,148.3,-0.2,0.07,0.34
TARA_041_SRF_0.22-1.6,0.05969644452036067,0.03571312477792405,0.0022480826501885707,0.025969098320219257,0.016247072308474785,0.00035525964224906575,0.05927490067573787,0.0,0.030289254840898606,0.44285939589620704,0.007139530654265923,0.01892739050391051,0.00796314266240448,0.07069209142930236,0.030495652524502984,0.0,0.056235661331615845,0.009667194366048562,0.005823601852880372,0.08535286898290537,0.035050232059903604,TARA_B100000282,SRF,Trades,IO,MONS,14.6,69.98,5.5,29.1,36.0,187.4,-1.3,0.0,0.14
TARA_042_DCM_0.22-1.6,0.046413575810710476,0.051783026884737945,0.0009215121555972177,0.02788689179496264,0.026018547064163025,0.00011151796359251845,0.0419183371215445,0.0,0.03569423768181831,0.32429812185814305,0.014067861271969401,0.024488878924819865,0.012586827274766474,0.03687867878212645,0.0330862095066501,0.0,0.0818930386108665,0.029051933093324236,0.010102494092010826,0.10315404937451818,0.09964426073367832,TARA_B100000131,DCM,Trades,IO,MONS,6.0,73.9,79.0,27.7,35.1,132.8,0.6,0.15,0.34
TARA_042_SRF_0.22-1.6,0.060148429060596836,0.03867767818832989,0.002426395769927358,0.026681562437629803,0.016970877113259134,0.00010734594283082731,0.0572305925277554,0.0,0.026003162528478577,0.42440378303958326,0.009088794741992139,0.01843592499468862,0.008238336916039932,0.06761408485643165,0.03218860062440266,0.0,0.057020385001711436,0.012553804028988454,0.0038020954848908117,0.09132401147634404,0.047084135266119334,TARA_B100000123,SRF,Trades,IO,MONS,6.03,73.89,5.4,30.0,34.6,189.3,-1.5,0.0,0.08
TARA_045_SRF_0.22-1.6,0.0589138195519119,0.023701255916937957,0.0017484584702563651,0.016138749076774248,0.009447130224200972,0.0001412023183082387,0.06726939973273796,0.0,0.03516128024254108,0.51886147918261,0.0041119644215958755,0.012741191223332754,0.006299934498106268,0.07776337955024273,0.033298533487589904,0.0,0.031041009452127306,0.004914094483712054,0.002379570722605889,0.07820934171283875,0.017858205731569793,TARA_B100000161,SRF,Trades,IO,MONS,0.0,71.64,5.5,30.5,35.1,185.2,2.6,0.02,1.94
TARA_048_SRF_0.22-1.6,0.060220745740443164,0.02467273482942342,0.0019269966508205904,0.021366318792615545,0.009678153157324627,9.889364811554446e-05,0.07246094240936084,0.0,0.030708488312640614,0.5082573594183185,0.002438798573303811,0.01219490516684819,0.007489967410543213,0.0804100227254432,0.03176698540232288,0.0,0.028105185000957125,0.005002442464552843,0.0016561007686381284,0.08126058472878064,0.020284374799547082,TARA_B100000242,SRF,Trades,IO,ISSG,-9.39,66.42,5.4,29.8,34.2,187.3,-2.2,0.01,0.08
TARA_052_DCM_0.22-1.6,0.05745403186671149,0.03177348429010702,0.001090080013350182,0.024203229224514768,0.014534289148341617,0.00010242704835673805,0.05080012164998496,0.0,0.01645692970621627,0.45575711550930964,0.003308914945162326,0.023412003704852337,0.0070588302773416205,0.05303089998006461,0.019797225724083913,0.0,0.07238707695838925,0.011586789688120235,0.0064612214077662475,0.08292297628465473,0.06786235257267195,TARA_B100000214,DCM,Trades,IO,ISSG,-16.96,54.01,79.0,24.9,34.9,192.6,0.2,0.03,0.18
TARA_052_SRF_0.22-1.6,0.06303562794362595,0.026418194418786404,0.0019107618358352708,0.024206686720026266,0.012565718352272891,0.00017552860106752425,0.05911000269396449,0.0,0.03198700602719302,0.4923217054602264,0.002651556225401693,0.016131927097812703,0.006272658571067016,0.06433187260985866,0.01620541968613779,0.0,0.053944668134309655,0.004468471643366941,0.004018719909072435,0.08471118082068696,0.03553229324928793,TARA_B100000212,SRF,Trades,IO,ISSG,-16.96,53.99,5.5,27.9,34.6,191.7,,0.0,0.12
TARA_056_MES_0.22-3,0.05205158427477428,0.04741592257559675,0.003444043922606052,0.014948272620647749,0.07289844263696148,0.0007319654198930303,0.030641619101737596,0.0,0.01102268038081996,0.09691723445894146,0.05033542121334157,0.02819450000086748,0.009891154643961378,0.03250930697710788,0.032381685662983245,0.0,0.06571038138977774,0.00349529996274234,0.030406797678585253,0.21094358876554156,0.20606009831311312,TARA_B100000378,MES,Coastal,IO,EAFR,-15.34,43.29,989.6,6.2,34.8,88.2,,,
TARA_056_SRF_0.22-3,0.05923853856867773,0.035930239892504656,0.0029119200974420073,0.019716999954119865,0.012672068184088423,0.00023479945574521994,0.05947860331480247,0.0,0.033388215974832915,0.4657752635419315,0.004684041671526096,0.017399537014986505,0.004942690656370942,0.07222796233517202,0.03405604019556624,0.0,0.04136163615014909,0.009554165752091748,0.0036238691417477113,0.07664924146046564,0.04615416663777927,TARA_B000000609,SRF,Coastal,IO,EAFR,-15.34,43.29,5.5,27.3,35.0,193.1,,,
TARA_057_SRF_0.22-3,0.05699810542054532,0.061341844227397926,0.0032671888907903515,0.021693060644878175,0.017849012589578852,5.0640104533171415e-05,0.07251688185379848,0.0,0.028714476780949433,0.4041979996621585,0.016904534460764717,0.019244528768398304,0.009610847340439758,0.06821404928514516,0.030972136925463516,0.0,0.05891883611494298,0.015201416960880055,0.005907076527944458,0.05785284422834697,0.05054451921304379,TARA_B000000565,SRF,Coastal,IO,EAFR,-17.02,42.74,5.6,27.0,35.1,190.1,,0.02,0.0
TARA_058_DCM_0.22-3,0.05674251723886856,0.055379626159386686,0.0026148446084011874,0.019623136352657965,0.018473099252077536,0.00015945279530478322,0.057103391539911764,0.0,0.029876093038407325,0.4178161599599545,0.009737207718364796,0.02347467722116141,0.006507197851903355,0.058132846436958936,0.032958690460402444,0.0,0.06226063897376282,0.0171699148148112,0.0060710405009107545,0.07327446748435672,0.05262499759239729,TARA_B000000557,DCM,Coastal,IO,EAFR,-17.32,42.29,67.1,25.3,35.2,185.0,0.8,0.03,0.0
TARA_062_SRF_0.22-3,0.0591926039552484,0.05059562725050703,0.0038818581896824557,0.027829985728285555,0.016249352447768043,5.4467450016208094e-05,0.05195086993448181,0.0,0.02928022484984578,0.40374438030099213,0.009082708019113659,0.02299875209395334,0.0055779542094660595,0.07239436226638517,0.029281994086323728,0.0,0.05374188685621666,0.014498278172536405,0.0043007226415893345,0.07711752775842036,0.06822644378916787,TARA_B000000532,SRF,Coastal,IO,EAFR,-21.38,39.56,5.4,25.1,35.3,199.9,-0.2,,
TARA_064_DCM_0.22-3,0.053824386218025363,0.06076913302425153,0.0013036071387679301,0.036073269245801697,0.021090687415392263,0.0005101658580492626,0.03281134565900776,0.0,0.01100768906762534,0.29880815022833673,0.015526939529556902,0.03790105604659588,0.008622927716908507,0.06726023734094011,0.030252253349412936,0.0,0.0721514150422376,0.015498412081688721,0.009117734537614832,0.0968647899378457,0.13060580056194102,TARA_B100000405,DCM,Coastal,IO,EAFR,-29.54,37.94,63.6,22.3,35.3,207.4,-0.1,0.0,0.08
TARA_064_MES_0.22-3,0.06285014723469298,0.04488793137482606,0.0011726111782878691,0.006942257796315055,0.06513923540826433,0.0009010601610441218,0.03317200772440494,0.0,0.0067371443210561864,0.11563692397185155,0.04511215977343385,0.015844393495631198,0.008860549970694926,0.03535019939529427,0.0370839232449753,0.0,0.05395685020828846,0.006366394313794115,0.027113070256282987,0.18666905054407723,0.2462040896267846,TARA_B100000408,MES,Coastal,IO,EAFR,-29.51,37.94,990.8,7.7,34.6,193.0,,0.0,1.12
TARA_064_SRF_0.22-3,0.06308848066271237,0.038577552314598376,0.0013990207180664702,0.0210912783331552,0.013927070662409394,0.00022658731629281422,0.05789565406092364,0.0,0.028977012962482503,0.4194256320422063,0.006870496103224782,0.019108480178438615,0.005746990303216279,0.077282987943682,0.03205420364085805,0.0,0.042473326193973614,0.011560967651287522,0.004618424814937606,0.08209796875926621,0.07357786533826818,TARA_B100000401,SRF,Coastal,IO,EAFR,-29.5,37.99,5.5,22.2,35.3,210.0,,0.0,0.08
TARA_065_DCM_0.22-3,0.056052609289525684,0.06903191383935463,0.003005818509729433,0.029235233083872172,0.03639596706530751,0.00044100226370832164,0.034504362523516595,0.0,0.006787815974230786,0.21345880707402995,0.023521064434013472,0.042014968352134974,0.014165257297910202,0.05946787672286284,0.036844737420006386,0.0,0.08552692349352002,0.01896522236732878,0.015068114157235383,0.11098031250552012,0.14453199362619287,TARA_B000000441,DCM,Coastal,IO,EAFR,-35.25,26.31,28.7,21.8,,206.4,,,
TARA_065_MES_0.22-3,0.06097362750177114,0.045693620306830045,0.0013742173969133124,0.007858594470223131,0.06644975489522821,0.0008885066482253029,0.032282490212338394,0.0,0.006534165854976673,0.1117468453535812,0.046385735249080004,0.01887811447265092,0.008787143374046237,0.03515052434360605,0.03701896482971373,0.0,0.05190399932104385,0.006489673559985664,0.027824640998660086,0.18820399249579686,0.2455553887153292,TARA_B000000460,MES,Coastal,IO,EAFR,-35.23,26.33,842.2,8.4,34.7,198.0,,,
TARA_065_SRF_0.22-3,0.06879594674965533,0.07127931219850084,0.0014632397396496966,0.028959871871180855,0.035381176144162536,0.0004921831239362768,0.03163567000402251,0.0,0.007576827039535336,0.23800162625001278,0.016309878438084218,0.036457491400647454,0.010216381318792019,0.05906386211278793,0.03448196043597735,0.0,0.06697899706407547,0.02171431062158379,0.011254845518567334,0.10879320694385583,0.15114321302497233,TARA_B000000437,SRF,Coastal,IO,EAFR,-35.19,26.29,5.9,21.8,35.4,207.0,,,
TARA_066_DCM_0.22-3,0.09645145174059186,0.05941156656893168,0.0008289633928709577,0.019005622234324806,0.03241380390420145,0.0001005178777465649,0.028728545456554302,0.0,0.0053213711829926055,0.174488214840134,0.014891916788989304,0.03975898203092276,0.011254573233333036,0.050563200592495826,0.029318894277540277,0.0,0.051133854719726014,0.018521568054763834,0.016454325409275196,0.149782885189148,0.20156974250545767,TARA_B000000477,DCM,Coastal,SAO,BENG,-34.89,18.07,28.6,15.0,35.3,240.4,,0.26,0.37
TARA_066_SRF_0.22-3,0.09714138773523685,0.06382578356533788,0.00042277053456136945,0.02373929360753185,0.031984453630437615,5.838289779437077e-05,0.027596671725254845,0.0,0.0037962193509822255,0.16727126454614127,0.012789575175524785,0.04109871267554808,0.01056773575987705,0.048405645276528096,0.02796177025993665,0.0,0.05335209592926853,0.018596755433026618,0.015771524520406,0.15312732170225862,0.20249263567434722,TARA_B000000475,SRF,Coastal,SAO,BENG,-34.94,17.94,5.4,15.0,35.3,238.9,2.5,0.3,0.34
TARA_067_SRF_0.22-3,0.07791279771498937,0.10059321042592172,0.0006618961976679825,0.03427167877924688,0.06181733605366862,0.00015049565184582412,0.039809493539610365,0.0,0.01666694270199352,0.16055896691447644,0.014717784440708852,0.06347379363005956,0.01753513177433476,0.021642109306462612,0.032138505168280124,0.0,0.08047169020722236,0.02128594813025593,0.038864773435094646,0.14256538948452216,0.07486205644363825,TARA_B100000497,SRF,Coastal,SAO,BENG,-32.23,17.71,5.5,12.8,34.8,249.4,0.4,0.17,1.02
TARA_068_DCM_0.22-3,0.07142576071993985,0.039595814235058195,0.0008944183132734959,0.013353629712565122,0.0233061338835623,0.00010418208563662953,0.05929890714296412,0.0,0.025074871231084695,0.3582756901208629,0.01908007307746515,0.02502474282524289,0.007963986779512891,0.056558559309013594,0.024447127563652686,0.0,0.05604912306783906,0.006030879267978181,0.01403246148291084,0.09803746276902206,0.10144617641241535,TARA_B100000482,DCM,Trades,SAO,SATL,-31.03,4.69,40.3,16.8,35.7,231.7,,0.29,0.23
TARA_068_MES_0.22-3,0.0727704714735682,0.047269834144815615,0.001289386524321579,0.005398413308308732,0.05844612072678278,0.0014888218344074739,0.03209606221789056,0.0,0.006518304568570374,0.12822847027763035,0.03847571797312078,0.015219011463743798,0.011191391810549246,0.036279098813766245,0.040796511769649324,0.0,0.043884422281581105,0.00930506907348307,0.029351605368379698,0.1867032218778857,0.2352880644915453,TARA_B100000470,MES,Trades,SAO,SATL,-31.04,4.64,722.7,7.0,34.5,195.2,25.8,0.0,1.53
TARA_068_SRF_0.22-3,0.07219622506179925,0.046431484829696605,0.0010669099320657557,0.01300735894855833,0.025110677262907603,0.00015997958514286337,0.05925237841061981,0.0,0.02164813732406854,0.35987549070526237,0.022188854463784456,0.023160003277374774,0.009590286209896036,0.058054338659958155,0.023657367072008724,0.0,0.05169580825822262,0.0053579365585076895,0.016504640047087956,0.0983056588571957,0.09273646453584271,TARA_B100000475,SRF,Trades,SAO,SATL,-31.03,4.69,5.4,16.8,35.7,231.9,,0.25,0.23
TARA_070_MES_0.22-3,0.04959246041869268,0.052864906397034554,0.005036412588404126,0.014487116308782997,0.06442885580289492,0.0007092460203824608,0.02399923548718058,0.0,0.006433931285263018,0.11951824671959159,0.0314015609052204,0.05283903974907078,0.017310595396864904,0.0229193780733022,0.033154901272355486,0.0,0.09899711454814238,0.004693163872056285,0.041794994662523365,0.19504475330087426,0.16477408719136283,TARA_B100000446,MES,Trades,SAO,SATL,-20.37,-3.22,791.6,4.2,34.4,161.7,37.8,0.01,2.52
TARA_070_SRF_0.22-3,0.054555102577006104,0.04432360585540906,0.002056291387180863,0.04021938810366368,0.015314772337246204,0.00021890041113350466,0.030793357584205115,0.0,0.008930547412684998,0.3501674525602944,0.0064514544491392385,0.03851277924974987,0.007780792070063273,0.057131014802808903,0.012188557955597952,0.0,0.08383449635481187,0.006105199797788482,0.010707114625546769,0.10763164019424312,0.12307753227142666,TARA_B100000459,SRF,Trades,SAO,SATL,-20.44,-3.19,5.4,19.8,36.4,215.7,0.2,0.05,0.36
TARA_072_DCM_0.22-3,0.07300481072663936,0.06510647466820642,0.0016884857293535723,0.022608352217767712,0.02921029165512371,0.0007519728233443392,0.03305795841084673,0.0,0.005424046107454352,0.34518196496043857,0.013812521138735627,0.03401329046780516,0.011504891527814644,0.032210242405611905,0.03936296310412705,0.0,0.07357557308712794,0.029289516003866117,0.012489440667069533,0.10634593154846256,0.07136127275020476,TARA_B100000427,DCM,Trades,SAO,SATL,-8.7,-17.94,95.4,24.1,36.6,194.4,0.2,0.01,0.14
TARA_072_MES_0.22-3,0.053262435873998606,0.04555154135481566,0.001899755318863179,0.013481672873399173,0.04989798998328331,0.0007335751119430633,0.03775896233257174,0.0,0.022788730711081274,0.20197456163281663,0.028878412642985678,0.02983583230084459,0.009395375035811537,0.03826252053649322,0.03889082761822386,0.0,0.07590730612180611,0.005469110683092591,0.025865581696395773,0.15951269898540238,0.16063310918617157,TARA_B100000508,MES,Trades,SAO,SATL,-8.8,-17.91,792.7,4.7,34.5,143.2,38.4,0.01,2.62
TARA_072_SRF_0.22-3,0.05100351285134444,0.03669179604203206,0.0030627940058206883,0.02271785136429495,0.021189142747282876,0.00040714749589023844,0.05666935553630117,0.0,0.03166154869181097,0.4091893035008405,0.011560879870120081,0.01908428075902298,0.0073295847921421966,0.061533798888036714,0.034274198839679554,0.0,0.08597463975657824,0.0057393275463385185,0.013990423561084195,0.09437169518516311,0.033548718566216454,TARA_B100000424,SRF,Trades,SAO,SATL,-8.78,-17.91,5.8,25.0,36.4,199.1,0.3,0.0,0.1
TARA_076_DCM_0.22-3,0.043324132858687275,0.07298458968885363,0.003825716494250517,0.033749830318792154,0.043330265696053465,0.0014835255548893817,0.025229655033601302,0.0,0.014975934859637389,0.20814039703114043,0.04588111462899165,0.04717119178418128,0.011780165661879538,0.03362917102955483,0.044881184857125306,0.0,0.11258065775426696,0.012587369962424903,0.02548084802536148,0.14400572449782648,0.07495852426248206,TARA_B100000519,DCM,Trades,SAO,SATL,-21.05,-35.37,148.0,21.6,36.7,203.8,0.6,0.02,0.04
TARA_076_MES_0.22-3,0.058114559738011606,0.046396786176173564,0.003447519838417835,0.011670326917648459,0.06829622338417075,0.0011570850609469204,0.029919255906880902,0.0,0.007694733007121784,0.10459619234865915,0.0469305775275235,0.018748037654477426,0.011441612280015266,0.031539126031407294,0.038454089423358394,0.0,0.0652971480300534,0.006123651085669744,0.031386084218866836,0.19262527301915255,0.22616171835144452,TARA_B100000749,MES,Trades,SAO,SATL,-20.95,-35.22,792.8,4.7,34.4,192.2,34.6,0.0,0.94
TARA_076_SRF_0.22-3,0.04652423470388225,0.027536095429177232,0.004251256169487078,0.02443231632354572,0.022450672548181796,0.000627600299351187,0.059258400085697605,0.0,0.0320273208747679,0.431399918633514,0.02242463000700183,0.028249194423007745,0.010114178023601416,0.06105420663741717,0.034868234507781065,0.0,0.057636840740091684,0.005000733510288551,0.010970657495856167,0.09418231556170135,0.02699119402564837,TARA_B100000513,SRF,Trades,SAO,SATL,-20.94,-35.2,5.5,23.3,37.1,206.2,0.0,0.0,0.06
TARA_078_DCM_0.22-3,0.06191303782203933,0.05058646620574756,0.001485211045868685,0.021326132278261172,0.03648538305031173,0.0012168466076546457,0.044482449648021685,0.0,0.011624063370154146,0.24612301328868988,0.02649764790391256,0.02271141657720936,0.009312148070392818,0.04621691710874328,0.04140288622534484,0.0,0.05525330488076946,0.012837906976666858,0.017736453899968904,0.13349254828771567,0.15929616675252734,TARA_B100000530,DCM,Trades,SAO,SATL,-30.15,-43.25,118.3,19.3,36.3,217.1,0.5,0.05,0.0
TARA_078_MES_0.22-3,0.06801247828348296,0.04371829469946659,0.001237445623149274,0.009877749077039795,0.06237619617168816,0.001155273881885366,0.03469079371284257,0.0,0.009033117470949132,0.11101960528056606,0.04184185896195345,0.012817914302735654,0.00905678318824825,0.03722138003153467,0.0383152790720828,0.0,0.04853662139250974,0.006679672354893874,0.02806446635232174,0.1889865262622641,0.24735854388038592,TARA_B100000745,MES,Trades,SAO,SATL,-30.15,-43.29,792.7,5.9,34.4,214.8,29.8,0.0,1.95
TARA_078_SRF_0.22-3,0.0651451328490664,0.026637663125704442,0.0022188784883956365,0.022722874724151982,0.013012634290099866,6.393537494765985e-05,0.06592663736204984,0.0,0.043471268368495984,0.4798727367002604,0.011927307106929321,0.01563659295622972,0.009401425014130521,0.06578726424436764,0.02828098502902156,0.0,0.04619627723737024,0.009683672037525978,0.006639254466790648,0.06731319613417094,0.02006226449029101,TARA_B100000524,SRF,Trades,SAO,SATL,-30.14,-43.29,5.6,19.9,36.3,221.5,-0.4,0.0,0.0
TARA_082_DCM_0.22-3,0.10937584577052842,0.050320686471501286,0.0026414703492880385,0.08406172750574079,0.04336601897927476,0.0006201937884455231,0.04010065768186601,0.0,0.022931523118903747,0.06761875420591046,0.007142304726840788,0.07514510081064879,0.032178568437993514,0.03668986119104686,0.018824630768827788,0.0,0.08988993623275009,0.008315531981501109,0.02372806641501193,0.18879103897117822,0.09825808259274188,TARA_B100000767,DCM,Coastal,SAO,FKLD,-47.21,-58.06,41.8,7.0,34.1,306.2,17.1,0.14,1.42
TARA_082_SRF_0.22-3,0.11602976170726037,0.06490246651953979,0.004435995148568513,0.07703534607837091,0.05665852540902358,1.7491732771423634e-05,0.049116315877742116,0.0,0.027198587482213606,0.04583210712068282,0.008819832293957131,0.07904207184917045,0.03872758515399933,0.02018311245052723,0.022852518596022286,0.0,0.11230930740943523,0.006694060872057828,0.033596587721942565,0.18794148167411884,0.04860684490259594,TARA_B100000768,SRF,Coastal,SAO,FKLD,-47.18,-58.3,5.5,7.3,34.0,305.0,17.1,0.15,1.3
TARA_084_SRF_0.22-3,0.10398967022566787,0.05588757084724991,0.016985492077749915,0.03116159249668319,0.061393597310428163,0.0005155422054694539,0.09676970143902862,0.0,0.02794434672956244,0.06589537265870636,0.07543659366746873,0.13053915577935268,0.04389162078603904,0.005009065215803488,0.013755491403536864,0.0,0.07446503982757796,0.0012664197836262968,0.05103551557662725,0.14218944944432582,0.0018687625250958064,TARA_B100000780,SRF,Polar,SO,ANTA,-60.23,-60.65,5.9,1.8,33.7,338.3,24.4,0.27,1.72
TARA_085_DCM_0.22-3,0.2714759903802337,0.04344994040293677,0.022487840958533484,0.010228680742101339,0.08498545606218043,0.00017890928696916064,0.09843751294083754,0.0,0.01050340212043382,0.08075942015542263,0.02234892153991244,0.04481585140167024,0.04218551893430732,0.008812543453628351,0.0046074027987891425,0.0,0.048503998175901446,0.00011108958153125468,0.046724072291886465,0.15077750488893135,0.00860594388379307,TARA_B100000795,DCM,Polar,SO,ANTA,-62.24,-49.18,87.4,-0.8,34.3,325.4,33.1,0.06,2.31
TARA_085_MES_0.22-3,0.054330405622108,0.05959793426194729,0.0012473198553207194,0.00681778287044565,0.057792294991505996,0.002041194795095698,0.023910476633218283,0.0,0.012267392467471177,0.15582946173922932,0.028060358778853618,0.014484624051180109,0.015051333021449894,0.03328694529066115,0.046499857893014064,0.0,0.11244707631364877,0.008176328524490808,0.03335676365098491,0.1646765077466036,0.17012594149277094,TARA_B100000809,MES,Polar,SO,ANTA,-61.98,-49.45,783.8,0.5,34.7,203.8,38.8,0.02,2.61
TARA_085_SRF_0.22-3,0.3125458840305838,0.012461177064573042,0.01619629964673615,0.007661832620179688,0.0479099054686533,0.001089285807441959,0.10933494213026457,0.0,0.008344234527299542,0.09273690240511372,0.018999021902450786,0.03169801477936885,0.05710983298836958,0.0038404573142075443,0.00506090287085824,0.0,0.03029206017525752,0.0003033135290686599,0.07490706681835912,0.16920659414822817,0.0003022717729857958,TARA_B100000787,SRF,Polar,SO,ANTA,-62.03,-49.54,5.9,0.7,34.4,343.4,27.5,0.11,2.11
TARA_093_DCM_0.22-3,0.050917622959134774,0.12315382030848157,0.002484350978622777,0.0364102758713703,0.03733415167650585,0.0004951392918508629,0.022510680181929702,0.0,0.02331813706962955,0.12843380699022755,0.05677645496203407,0.07688425041976196,0.06278468274841884,0.006807119596454093,0.016522450639230225,0.0,0.15525209206056823,0.0011534800298837152,0.07347574293059476,0.12450072037262012,0.000785020912681052,TARA_B100001059,DCM,Coastal,SPO,CHIL,-33.88,-73.05,33.8,16.4,34.3,237.2,0.7,0.37,1.07
TARA_093_SRF_0.22-3,0.05736558329504568,0.1063566742651274,0.0015277529100543902,0.03265254407464771,0.03699125561073999,0.0005939078232548432,0.045603587195180935,0.0,0.02610311193987758,0.1686072313623164,0.045125662158299794,0.07026418122821544,0.03191945015985904,0.025096836268870857,0.01971337571922186,0.0,0.12990119959281876,0.0005777009526110802,0.07075645453531994,0.1289263543715563,0.0019171365369820964,TARA_B100001063,SRF,Coastal,SPO,CHIL,-34.05,-73.08,5.3,18.0,34.3,244.9,-1.5,0.01,0.52
TARA_094_SRF_0.22-3,0.0674617063155172,0.06387647483867125,0.0070832164984948685,0.03679591200535392,0.034505470038269065,0.00012309767793371211,0.046871857820081124,0.0,0.057640855150087066,0.3319753301775793,0.01729444146315502,0.0498326262071991,0.023457641743302917,0.03307421669573212,0.011003401053289598,0.0,0.07041225306659976,0.011061536432902119,0.0206837483038055,0.10586193859483467,0.010984275917191609,TARA_B100001057,SRF,Trades,SPO,SPSG,-32.78,-87.09,5.4,21.1,34.7,219.2,-0.4,0.0,0.28
TARA_096_SRF_0.22-3,0.05769517954960761,0.04513319269553035,0.005508969875674802,0.04503094230778673,0.02444618872934422,0.0006681067707299842,0.0728059380839857,0.0,0.028371950665222256,0.3758793099692571,0.008117898813075243,0.041235528346231905,0.026558605158689092,0.044821339636099765,0.02067034176285173,0.0,0.06601797690472937,0.010557298300945888,0.010033773321573678,0.09400418365242517,0.022443275456239347,TARA_B100000989,SRF,Trades,SPO,SPSG,-29.72,-101.16,5.5,23.8,35.8,204.1,-0.4,0.0,0.16
TARA_098_DCM_0.22-3,0.06160973969476712,0.04258177377953613,0.0014259105819202792,0.013247120031809757,0.015333058353532674,0.0003422473778737625,0.053892904434679416,0.0,0.017360192211539924,0.4913035012731352,0.005364850500076501,0.015153132240332457,0.006905627342594348,0.04972167790783361,0.03055318911042478,0.0,0.045955777612738696,0.018324341961154858,0.003855722081992716,0.07968341361391747,0.04738581989014023,TARA_B100001029,DCM,Trades,SPO,SPSG,-25.85,-111.77,183.3,20.2,35.8,210.6,-0.7,0.02,0.1
TARA_098_MES_0.22-3,0.06770326923617495,0.043018098710949894,0.0006491979697155015,0.0054345914093571375,0.06344178619061873,0.001205371342282963,0.033818985090415137,0.0,0.005508361063889502,0.11946843400812444,0.04410247811266521,0.011680844790347977,0.00799095041226387,0.03757697356830096,0.03579666914675995,0.0,0.04812458669742373,0.0067824669711655395,0.02533389009473054,0.18221685065040882,0.2601461945344052,TARA_B100001013,MES,Trades,SPO,SPSG,-25.82,-111.74,481.1,8.1,34.4,155.6,24.6,0.0,2.02
TARA_098_SRF_0.22-3,0.05517743599982343,0.032495581446356135,0.0035266425540368485,0.028109674042585003,0.013900312428436578,0.0005556026796409506,0.07690971215070373,0.0,0.020031684111966336,0.4275140899107366,0.004758361142030061,0.028667505573299355,0.020386714141034434,0.054765558015740144,0.03162131404342158,0.0,0.05143623025221886,0.012470396674520207,0.006084523733957556,0.09565971000260351,0.0359289510968887,TARA_B100001027,SRF,Trades,SPO,SPSG,-25.83,-111.78,5.6,25.1,36.4,200.5,-1.6,0.0,0.2
TARA_099_SRF_0.22-3,0.05820326028089345,0.03104299554361664,0.004275250484805087,0.019890849512063945,0.01046840208348326,0.0004396896000620792,0.07591194507845099,0.0,0.03629917864806694,0.4614660309786556,0.004386914243289418,0.02521396979257301,0.011101003529700388,0.06280252678259246,0.03180018716381583,0.0,0.044182714455467995,0.008580662946211414,0.0036168622472675625,0.08289269443602643,0.027424862192957554,TARA_B100000886,SRF,Trades,SPO,SPSG,-21.15,-104.79,5.4,23.8,36.1,204.0,-1.7,0.0,0.29
TARA_100_DCM_0.22-3,0.06062625370367305,0.0477999761112065,0.0024571199449053816,0.027184927520399676,0.026353243564763228,0.0012139460457209542,0.033605938805711416,0.0,0.007035174389613155,0.3784793059115078,0.014724742518592666,0.044041760437032985,0.008759776777667854,0.03526285670569039,0.01794236371763814,0.0,0.09290991307052833,0.014022068402031115,0.019119237583293487,0.11596827665806524,0.05249311813195864,TARA_B100000965,DCM,Trades,SPO,SPSG,-12.99,-95.99,57.6,20.6,35.5,216.8,1.5,0.16,0.78
TARA_100_MES_0.22-3,0.09466600141494094,0.04192243683004679,0.0028692516886525293,0.007365466942833252,0.042350920506143995,0.0013667383633938109,0.04428273483332582,0.0,0.006790068269212692,0.3094500979372433,0.02861062176219882,0.020686586780491886,0.05676574580418079,0.01832426347271681,0.03842065232525309,0.0,0.05480147492876036,0.007156833256665726,0.022429097971802203,0.11511390964616545,0.08662709726597172,TARA_B100000959,DCM/OMZ,Trades,SPO,SPSG,-12.93,-96.12,175.3,13.0,34.8,0.7,21.1,0.03,2.68
TARA_100_SRF_0.22-3,0.06443171476869312,0.07978176886073586,0.006786626084748111,0.03713695927233613,0.02067912575062723,0.00012592500414250642,0.04869634989946436,0.0,0.023468712983494653,0.3713949307605924,0.005010842352696961,0.0441694064898829,0.013755889383046432,0.04524860510960403,0.009737827634456903,0.0,0.0888469644706158,0.005481743160100283,0.008799125255210177,0.09283731106038823,0.03361017169916392,TARA_B100000963,SRF,Trades,SPO,SPSG,-12.99,-95.99,5.5,25.3,35.8,200.2,4.6,0.14,0.68
TARA_102_DCM_0.22-3,0.0650749613577052,0.08126398968482391,0.0013386222035599946,0.02501536639233804,0.020274046604683585,0.0003134114478121863,0.04158222240596355,0.0,0.007792932269087375,0.35414472913616235,0.012933190976125818,0.035670033057024195,0.010284917560123551,0.03699595822281582,0.018985155577797834,0.0,0.08997769254321285,0.03413218583389389,0.01259663440735052,0.07802572506825406,0.07359822525126526,TARA_B100000902,DCM,Trades,SPO,PEOD,-5.27,-85.23,45.7,19.6,34.9,103.9,20.3,1.2,1.86
TARA_102_MES_0.22-3,0.06694930181172676,0.042467505597676286,0.0010510934856485063,0.00345581557293963,0.06168018627944287,0.0004170758558856546,0.04107851363402855,0.0,0.0038687168398217836,0.11912706310182772,0.0437242091430033,0.015811444315774227,0.009868681905446807,0.03702551658109015,0.028552899315586633,0.0,0.02997632592165197,0.005002538725435019,0.03392912314930026,0.19091065787704167,0.26510333088667226,TARA_B100000953,MES/OMZ,Trades,SPO,PEOD,-5.27,-85.22,475.6,9.2,34.7,4.4,40.0,0.01,2.85
TARA_102_SRF_0.22-3,0.08413873366708477,0.0929782319589073,0.004225641190105164,0.032988989639927135,0.019736690181158287,9.780655686340905e-05,0.04842252918880313,0.0,0.01934791426222226,0.3423592430376305,0.008798713464467568,0.03977928084545513,0.009184964673797497,0.04422182101860935,0.008550591626800975,0.0,0.07890875380271696,0.025219355420694332,0.007501901636936616,0.07132623173890681,0.062212606088912846,TARA_B100000900,SRF,Trades,SPO,PEOD,-5.25,-85.16,5.5,24.9,34.7,206.0,11.7,0.32,1.0
TARA_109_DCM_0.22-3,0.06645050801501748,0.08273305692284007,0.00304708911291177,0.03778813543826197,0.023178333661394046,0.000247997687550475,0.04448442097711577,0.0,0.023032132619466055,0.36384979374663545,0.007114358711611666,0.04170545285855904,0.011506878156155247,0.04209998040783347,0.014014649510489561,0.0,0.07925143760974568,0.015375829842180106,0.007502309480394434,0.07586699509223262,0.06075064014960504,TARA_B100000927,DCM,Coastal,NPO,CHIL,2.08,-84.52,29.8,26.5,34.3,203.1,3.9,0.11,0.5
TARA_109_MES_0.22-3,0.06721093299674458,0.0464991355540087,0.0021873602352921752,0.011644038089197518,0.06225507467652663,0.0005641676660880406,0.031042866711903132,0.0,0.006840546635417562,0.1616600181075796,0.03643124039126879,0.030744931810819262,0.016217584794875964,0.029755156866730404,0.04061259568798204,0.0,0.05637413035097731,0.00649951517379657,0.03669872949977516,0.17718043904856465,0.1795815357024519,TARA_B100000929,MES/OMZ,Coastal,NPO,CHIL,2.07,-84.54,376.4,11.3,34.8,2.5,33.9,0.02,2.58
TARA_109_SRF_0.22-3,0.06506382765627587,0.08854012677015424,0.00445707569300471,0.037142724166204774,0.01866016156923617,0.00012978069142800678,0.05031963806297899,0.0,0.01944000411296803,0.3615403074578546,0.010913291957150151,0.03506734642837515,0.00957237252148962,0.053442776743782276,0.012474485661254623,0.0,0.07496895312645355,0.016038155463643483,0.006940937055429599,0.0777717092843744,0.05751632557794177,TARA_B100000925,SRF,Coastal,NPO,CHIL,1.99,-84.58,5.4,27.6,33.4,198.6,1.2,0.04,0.27
TARA_110_DCM_0.22-3,0.0600370276675974,0.06227446771832636,0.0020334046773523248,0.04844639104210226,0.018890244335827946,0.00015841355010166842,0.026322590950716197,0.0,0.006393610380520168,0.2852797965294072,0.0058765460013037885,0.05700362346351989,0.007302974453480829,0.04807614187081438,0.013378476455555009,0.0,0.08885602547321088,0.01157441795552554,0.010915464106385142,0.11857660103267008,0.12860378233558287,TARA_B100001113,DCM,Trades,SPO,SPSG,-1.84,-84.63,48.7,21.8,35.1,144.6,10.9,0.41,0.93
TARA_110_MES_0.22-3,0.07395286182762525,0.0439629870409532,0.001902294554695703,0.009653472185843462,0.05182836415950372,0.0006735292451756497,0.041255402542794646,0.0,0.006167792388598117,0.20045218933107647,0.03549022184482894,0.017329969356017487,0.022988821236670377,0.03461374508953629,0.028926656967392293,0.0,0.04450850573926052,0.00668624444467828,0.026448304978844314,0.155134654127202,0.19802398293930326,TARA_B100001079,MES/OMZ,Trades,SPO,SPSG,-1.87,-84.62,376.9,10.3,34.8,1.3,34.6,0.0,2.8
TARA_110_SRF_0.22-3,0.07080038403589854,0.08051157797727132,0.0027673320084869116,0.038748674228823346,0.020571005517886397,0.00017182934062747729,0.04078092134165252,0.0,0.016541643716376214,0.33527744133681814,0.007730143234502898,0.04794468933934933,0.008432239952857152,0.04566390860222754,0.012953001722061624,0.0,0.08172624710503242,0.015238650089302792,0.013484162703306988,0.09242479494561409,0.06823135280190433,TARA_B100001109,SRF,Trades,SPO,SPSG,-2.01,-84.59,5.5,23.9,35.0,190.8,6.7,0.31,0.75
TARA_111_DCM_0.22-3,0.06363359069879458,0.04273535290301965,0.000986061452164834,0.01978015905300753,0.015582460110818158,0.00029019460482997074,0.042349782930747114,0.0,0.004151194387982115,0.4717008135868005,0.005473119691212882,0.020131444806281006,0.005335948990527446,0.048099795467506805,0.018828392463577426,0.0,0.06902933995652828,0.01611967924878186,0.00432901534466366,0.08413005709164381,0.0673135972111123,TARA_B100000579,DCM,Trades,SPO,SPSG,-16.96,-100.7,89.0,19.9,35.7,211.5,1.4,0.2,0.44
TARA_111_MES_0.22-3,0.06838072348313354,0.042916061542233014,0.0010826789386160854,0.0049021887436651885,0.06015726695763249,0.001095035143928572,0.03677194377371148,0.0,0.005782403017676885,0.16892639457223646,0.03832516763501264,0.015171648888487951,0.014198381594734544,0.036414896322963186,0.03594449537519642,0.0,0.03916205142306633,0.0064088843591544,0.0276003302191861,0.17197175831885392,0.22478768969051074,TARA_B100000586,MES/OMZ,Trades,SPO,SPSG,-16.96,-100.66,347.1,10.9,34.7,3.2,30.4,0.01,2.73
TARA_111_SRF_0.22-3,0.0703807089560309,0.05040998686946169,0.004050226669477265,0.036959063275320676,0.018250285989344736,0.0005025929235705652,0.041789718542334355,0.0,0.021073429820376154,0.3741764425294436,0.004787827600687013,0.030437944868881073,0.012775819857479697,0.05479127313827655,0.009520892132263821,0.0,0.07914911341085422,0.0050264404512200085,0.006716637370173573,0.09890115255245785,0.08030044304234629,TARA_B100000575,SRF,Trades,SPO,SPSG,-16.96,-100.63,5.9,22.8,36.0,208.9,2.6,0.04,0.5
TARA_112_DCM_0.22-3,0.05560444763794496,0.037905215549218246,0.002457544891917486,0.016818951621167273,0.02206646257069812,0.00031722124368381745,0.05053310720578485,0.0,0.018942345646964457,0.47285850138032587,0.00638019040813007,0.022703119299288647,0.007767823022667994,0.04389339118838548,0.030980179924608844,0.0,0.05751220737417288,0.012308048869663033,0.009046053997830107,0.0862947893681163,0.04561039879943155,TARA_B100000945,DCM,Trades,SPO,SPSG,-23.19,-129.54,153.5,22.3,35.9,207.1,0.5,0.0,0.11
TARA_112_MES_0.22-3,0.05845589391543051,0.04754086526684503,0.0026195038922152874,0.010048204389486353,0.06989582595836524,0.0011696303712213257,0.031130296884951166,0.0,0.009791709895295464,0.10428332826326049,0.04162622903507873,0.019463441114923114,0.01001488585235218,0.032887238066843905,0.03770755351514935,0.0,0.07641731047587617,0.005921865616125006,0.03199704365629836,0.1898612516306881,0.21916792219959413,TARA_B100000949,MES,Trades,SPO,SPSG,-23.2,-129.64,689.3,5.8,34.3,199.2,29.2,0.01,2.15
TARA_112_SRF_0.22-3,0.05551499122230445,0.030090910538666533,0.0032514229036403304,0.0168838853794263,0.014770307260861247,0.0002565105287884219,0.06523612154835283,0.0,0.033561506682755246,0.4453386129793119,0.006175727378954217,0.018646568505872173,0.008015661907634553,0.060975426917235426,0.03857776249580038,0.0,0.05647309075775037,0.008070006703763913,0.004652956959977187,0.09427015444118536,0.03923837488771935,TARA_B100000941,SRF,Trades,SPO,SPSG,-23.28,-129.4,5.4,24.2,36.5,202.2,-0.9,0.01,0.14
TARA_122_DCM_0.22-3,0.05945423757843439,0.05945957688057109,0.0019775837664073267,0.02824239591623947,0.03536710125422289,0.000706260779774684,0.028488437022457958,0.0,0.0054931343763836024,0.2863844413074523,0.018316707668209684,0.041910421442471604,0.016074065608115393,0.03191645586648824,0.03973904415151581,0.0,0.10849406244063384,0.015021548916694374,0.030189471086815287,0.12879330017685214,0.06397175376025999,TARA_B100000700,DCM,Trades,SPO,SPSG,-8.98,-139.2,113.3,24.7,36.1,179.9,2.3,0.1,0.59
TARA_122_MES_0.22-3,0.056836671910251185,0.0456209078581841,0.0025983214271873183,0.012801210903959446,0.06686874610185023,0.0011497979498222787,0.03214235050858314,0.0,0.00826965777115507,0.1293718872678463,0.041729776987255,0.022268728648423237,0.011456558867966553,0.03467748890130392,0.04145712710760722,0.0,0.04763885988497909,0.00706866924633086,0.03083230692662724,0.19080596528155283,0.21640496644911492,TARA_B100000678,MES,Trades,SPO,SPSG,-8.99,-139.23,594.6,7.2,34.6,38.1,42.5,0.02,2.43
TARA_122_SRF_0.22-3,0.06866812357047304,0.05434594993891283,0.003064519676982405,0.03781765459668446,0.019229543509771883,0.0005040200665370296,0.03561601776976164,0.0,0.020811049492746835,0.3571479534587628,0.005568212744157944,0.026963115372703825,0.00841290185716624,0.058393192274646344,0.013203325306569754,0.0,0.07963014338850313,0.005693081100249135,0.009224623797864562,0.10565211655155865,0.09005445552594746,TARA_B100001115,SRF,Trades,SPO,SPSG,-8.99,-139.21,5.9,26.5,35.4,186.2,4.0,0.12,0.57
TARA_123_MIX_0.22-3,0.06918040460619354,0.051116380490330945,0.0008291473790697743,0.011559605237195177,0.05334181481317661,0.002128930637487437,0.02866616918735101,0.0,0.007543116840449495,0.18130871120215236,0.034636890897236726,0.022366818775791986,0.015703587091010208,0.041255732475078404,0.0684638610278599,0.0,0.03920528072608901,0.010789792103076339,0.024691509671066144,0.1677825699460289,0.16942967689335592,TARA_B100000686,MIX,Trades,SPO,SPSG,-8.9,-140.29,148.0,22.1,35.9,161.3,5.0,1.47,0.66
TARA_123_SRF_0.22-3,0.055628674333743494,0.0980418491952709,0.0018411317726250748,0.05311135601344805,0.02880244935079407,0.0003112898401947442,0.02340290378205781,0.0,0.004689203094466766,0.19639174663850742,0.018393838132426447,0.040992391874153815,0.015848837915414683,0.05129085409227143,0.026649521616076418,0.0,0.11705012488339703,0.018954387507021764,0.020933548458863683,0.12447678424738184,0.10318910725188461,TARA_B100000683,SRF,Trades,SPO,SPSG,-8.91,-140.28,5.5,26.6,35.4,189.8,3.9,0.14,0.53
TARA_124_MIX_0.22-3,0.07022965656900806,0.06273114140154328,0.001109809419299567,0.01519040528544763,0.05113704041511282,0.0010298167892855933,0.032587921935907205,0.0,0.004590672714347917,0.15121675215735764,0.03790914482190129,0.02156722584887432,0.010138864926414932,0.04304906125051585,0.04740566514778659,0.0,0.04590751682303595,0.011013106389048398,0.027873329139186418,0.17342198242264903,0.19189088654327757,TARA_B100000676,MIX,Trades,SPO,SPSG,-9.07,-140.62,118.3,25.2,35.8,175.9,4.5,0.35,0.49
TARA_124_SRF_0.22-3,0.0667778503339655,0.08035158523308611,0.001447715789663819,0.023635604391776917,0.029884532426193662,0.00036752111704554675,0.04979002182928245,0.0,0.01367971344697735,0.32605225627776535,0.024167589719406312,0.029385301295975448,0.01381630214252373,0.06693031952246067,0.020094819134955397,0.0,0.08709459667128647,0.0105076257899549,0.01180640467438602,0.08336741193268003,0.06084282827061448,TARA_B100000674,SRF,Trades,SPO,SPSG,-9.11,-140.58,9.9,26.5,35.4,190.7,5.1,0.16,0.63
TARA_125_MIX_0.22-3,0.06897146871681818,0.054734624393863646,0.0018690356699629172,0.013643682430208894,0.05747097594883888,0.0021054934977327968,0.029118439393604357,0.0,0.0034159561814241803,0.12748503562987065,0.03374447819983043,0.027405770972538962,0.014922911112354354,0.04620356100526574,0.059776016972384945,0.0,0.056347655542653315,0.010964741030861624,0.03429684802114004,0.18383876682423075,0.17368453845641524,TARA_B100001123,MIX,Trades,SPO,SPSG,-8.9,-142.58,138.2,23.7,36.3,160.5,3.7,0.06,0.56
TARA_125_SRF_0.22-3,0.07465619503062923,0.090039691621645,0.0033531167278766667,0.027768662395591212,0.03521751822585658,0.00034864636444006096,0.030525372512184144,0.0,0.015180155761573682,0.27018755920352877,0.015309032760991128,0.03419478620519119,0.008515391434863084,0.05003022816988731,0.021294307802747586,0.0,0.08527785838862027,0.017339216397906494,0.01582830174616523,0.10222315976843475,0.10271079948186762,TARA_B100001121,SRF,Trades,SPO,SPSG,-8.91,-142.56,5.5,26.8,35.4,187.3,5.0,0.19,0.56
TARA_128_DCM_0.22-3,0.05425136730699771,0.06629864323032958,0.001979462973631426,0.035536940235930535,0.02671253571862791,0.0012176099348947067,0.028222259871572057,0.0,0.01845419202416496,0.27815219339825265,0.020433019210867334,0.03954729579430531,0.009247402630000335,0.0470832435226249,0.021066310081473232,0.0,0.10751984448540944,0.010624014457167508,0.018727164128856957,0.1290845678548916,0.08584193314000174,TARA_B100000614,DCM,Trades,SPO,PEOD,0.0,-153.68,41.7,26.1,35.1,177.0,4.4,0.28,0.55
TARA_128_SRF_0.22-3,0.06231513647005422,0.0672995621826084,0.0027612250316950255,0.032726125024202524,0.022834400817194716,0.0009044941756327224,0.03847238436359699,0.0,0.02323660625194571,0.3138679298755976,0.012859544979756263,0.03348485424110603,0.008435641763143872,0.05491853843800319,0.01661612214226031,0.0,0.08293050889118159,0.008272097810426322,0.015374445260658188,0.11340273246067532,0.08928764982026098,TARA_B100000609,SRF,Trades,SPO,PEOD,0.0,-153.68,5.4,26.1,35.1,179.9,2.5,0.27,0.54
TARA_132_DCM_0.22-3,0.07445343768696512,0.03933366806481673,0.0011008149349292801,0.017630660221724093,0.027185919110480544,0.00030706059935917,0.022421234907356296,0.0,0.005188575266836661,0.29440299938212033,0.015546766322941987,0.030085182394882847,0.007653341422044669,0.055668584403089354,0.029897704694356205,0.0,0.07191502496325185,0.01617771524174074,0.01018098299080157,0.12280607681198472,0.15804425058031782,TARA_B100001250,DCM,Westerlies,NPO,NPST,31.5,-159.06,113.8,15.3,34.4,225.5,0.7,0.02,0.13
TARA_132_MES_0.22-3,0.06803053648401168,0.04538048751626501,0.0018085576973012475,0.0076588026395975044,0.061557115945514884,0.0009893306408982046,0.029997955396559594,0.0,0.007803279728278657,0.14096439850230927,0.039745674805160565,0.022568940240822524,0.011247254764132245,0.03382731096451838,0.0422200149066599,0.0,0.05452348937164923,0.008300812095008174,0.028563515507840996,0.1749628525934949,0.21984967019997714,TARA_B100001245,MES,Westerlies,NPO,NPST,31.53,-159.02,545.5,6.7,34.0,138.7,29.1,0.0,1.22
TARA_132_SRF_0.22-3,0.06392421666532273,0.02937202123960871,0.004151123596209195,0.01849508782648178,0.012041516607427232,0.00022376818692287578,0.06268265599741946,0.0,0.029652611092125008,0.48829682819905107,0.0035128967542226125,0.023918172537683514,0.006312150666739846,0.07212192906239863,0.028532673994576208,0.0,0.033655896840719755,0.006117688322563621,0.005092857759715686,0.07700075653560333,0.03489514811520887,TARA_B100001248,SRF,Westerlies,NPO,NPST,31.52,-159.0,5.5,25.2,35.2,197.7,-1.0,0.0,0.01
TARA_133_DCM_0.22-3,0.07240924995993399,0.08284871460245584,0.001150011629331607,0.02868786651157422,0.025640234613873894,0.0009286266744234062,0.032826571886712286,0.0,0.009273161799751305,0.2884096622176229,0.010265131572805907,0.042421489186752176,0.009413247301050831,0.045088575511191754,0.024443451776662274,0.0,0.10720059395006556,0.026981860150649437,0.014603002889843899,0.09004816908532888,0.08736037867996994,TARA_B100001094,DCM,Westerlies,NPO,NPST,35.42,-127.69,47.2,13.2,33.2,227.7,4.8,0.08,0.46
TARA_133_MES_0.22-3,0.06394011432959673,0.04640172678398532,0.0016571943845205676,0.004935204416176163,0.06428557794539007,0.0006604155469972931,0.035058008128941165,0.0,0.005613141519232749,0.1210181531918256,0.0466873686465575,0.012944636043991549,0.010730647658104019,0.03563705285786694,0.0318517603480647,0.0,0.04108525893199934,0.006141413241410704,0.029281532314130224,0.18792763594053846,0.254143157770671,TARA_B100001105,MES,Westerlies,NPO,NPST,35.31,-127.74,644.6,4.9,34.3,8.6,44.1,0.0,3.29
TARA_133_SRF_0.22-3,0.0825783646117334,0.08256615582210386,0.0038995305228132415,0.03187136197317698,0.035133908939129176,0.0003621444937418023,0.048769022413380686,0.0,0.042301621850499314,0.33011325106157374,0.00856101921246676,0.03820566678196513,0.009851660775136897,0.06031894762768543,0.010693191441719594,0.0,0.0848096609346329,0.013194953177974334,0.014363356876184553,0.06818575702602057,0.034220424458061706,TARA_B100001093,SRF,Westerlies,NPO,NPST,35.41,-127.74,5.5,19.2,33.1,224.4,-0.7,0.0,0.29
TARA_137_DCM_0.22-3,0.09790418198622236,0.029009460785400898,0.007722469540449834,0.004329746202821739,0.04169777670875719,0.0011297142498505515,0.038923399337156,0.0,0.005453390657391824,0.41291350285476625,0.02506424165262076,0.01148407946160641,0.07519590834574535,0.009496274817086333,0.029298473782522316,0.0,0.07005094751127922,0.006762556091888978,0.014739851450969557,0.08306372311629684,0.03576030144716746,TARA_B100001964,DCM,Trades,NPO,PNEC,14.17,-116.71,44.2,18.6,34.4,95.4,11.0,0.31,0.88
TARA_137_MES_0.22-3,0.08863079896613767,0.030377065973216686,0.007275194019536789,0.005440654359822893,0.04418214516881095,0.0008138898348744077,0.032408678044874385,0.0,0.004211498265577977,0.3206703265467529,0.029236285575926967,0.01778040788785477,0.05855567922940258,0.014674220578103763,0.029282251718365484,0.0,0.07417270848991114,0.004251764647273038,0.01777290903043206,0.12241782957949852,0.09784569208362709,TARA_B100001971,MES,Trades,NPO,PNEC,14.17,-116.66,371.0,8.9,34.6,0.6,35.7,0.01,2.95
TARA_137_SRF_0.22-3,0.07733939453024727,0.07171494299412493,0.0030928584230035345,0.031189414781058317,0.014983901802018479,8.004014568985468e-05,0.042383938496702085,0.0,0.025459544260767172,0.38621125274311174,0.005510193848507816,0.026193304656860938,0.006274813101668402,0.05252376093027323,0.013183769678363015,0.0,0.06977149276354791,0.021297077476065133,0.005588416355230522,0.07938166849206314,0.06782021452069652,TARA_B100001287,SRF,Trades,NPO,PNEC,14.2,-116.63,5.4,26.4,33.9,195.1,3.2,0.07,0.46
TARA_138_DCM_0.22-3,0.07152708065537708,0.04958103674320998,0.0009607124159308628,0.03284567703426061,0.02518106435526246,9.387448486655548e-05,0.0264398365781791,0.0,0.00544600551792966,0.2999885849906511,0.016212598845896837,0.031674070655104074,0.009645864413519091,0.04747857719354856,0.028678591400911668,0.0,0.06185940986538046,0.028328469224908347,0.010716157430403956,0.10867484363727613,0.14466754455738337,TARA_B100001996,DCM,Trades,NPO,PNEC,6.34,-102.98,58.1,19.0,34.6,77.0,22.1,0.83,1.11
TARA_138_MES_0.22-3,0.09082660538251913,0.029681522085583195,0.009730747013400688,0.006416858636163875,0.04970546642883835,0.001266657893018525,0.031073877556900963,0.0,0.004470484001741141,0.3339715911716291,0.029759045356091,0.01545471640546831,0.05902248986980227,0.01338973871480202,0.02773070652935872,0.0,0.07359006000560753,0.004455293699437377,0.0197289915943998,0.11669271865391738,0.0830324290013208,TARA_B100002003,MES,Trades,NPO,PNEC,6.37,-103.07,444.9,8.2,34.6,0.8,36.9,0.01,3.16
TARA_138_SRF_0.22-3,0.05899273390669258,0.041143155572040284,0.0026531303474279797,0.022067988850184656,0.015244169553612175,0.00041111663968709897,0.05805386498899754,0.0,0.034307381562785906,0.45159399878803425,0.007317796648972035,0.020018192370903666,0.005146305304778841,0.06646154422292593,0.0285104476640823,0.0,0.049367910424482214,0.008263364540578227,0.007756609427683126,0.08313619992688911,0.039554089259242024,TARA_B100001989,SRF,Trades,NPO,PNEC,6.33,-102.94,5.4,26.6,33.4,196.9,-1.2,0.0,0.16
TARA_140_SRF_0.22-3,0.06490345423402338,0.09627869782478622,0.0037027441878737565,0.017663852725211836,0.03023656450421273,0.0004279720482692617,0.04988786178671903,0.0,0.020778063404516236,0.3274924720755018,0.020158735866009712,0.02960225963479221,0.008311279738907603,0.05684847879739337,0.02664178329474901,0.0,0.08879491026179552,0.023614470549013736,0.013952565165510801,0.06743992112590919,0.053263912774804634,TARA_B100002019,SRF,Coastal,NPO,CAMR,7.41,-79.3,5.4,26.6,28.9,205.3,-3.8,0.0,0.08
TARA_141_SRF_0.22-3,0.0637935100493257,0.09437191071159737,0.0037925455682136775,0.027687106283543948,0.02812021158702973,0.0003009336059849553,0.07318581422600738,0.0,0.02021797975587487,0.29962225739697085,0.03745835131902706,0.03071899231019919,0.014507030235406325,0.0654999548730133,0.02221051989989912,0.0,0.08713268105655216,0.02035873520623339,0.021856528382282133,0.05989082877177071,0.02927410876106808,TARA_B100001939,SRF,Coastal,NAO,GUIA,9.85,-80.04,5.4,27.1,34.3,195.5,-1.7,0.0,0.01
TARA_142_DCM_0.22-3,0.05801849496408372,0.05376640842843733,0.0030066024038449954,0.03014468350580082,0.029387857318597853,0.000168003698872329,0.03496666015382093,0.0,0.030001511986819853,0.24737342441541954,0.014961027757050242,0.0371616636240085,0.007364319636926523,0.0679441387772386,0.03502241795973199,0.0,0.06343178436431512,0.013047437821931206,0.013927798783448624,0.12255769489493115,0.13774806950472063,TARA_B100002052,DCM,Coastal,NAO,CARB,25.66,-88.47,123.7,24.9,36.2,193.0,0.4,0.02,0.02
TARA_142_MES_0.22-3,0.06028064335928396,0.0447330698729366,0.0017335324482706195,0.008630762337511288,0.06581973009465615,0.0007581905978819908,0.03054774803684554,0.0,0.007949146727383597,0.10902293726968047,0.04666209276541734,0.02232966550854084,0.011636841390231127,0.03422323344333604,0.03392013197275011,0.0,0.057799596098077034,0.005827925357208746,0.03478617086860312,0.1952757666499167,0.22806281520146876,TARA_B100002049,MES,Coastal,NAO,CARB,25.63,-88.44,634.8,9.8,35.2,108.2,31.9,0.0,1.22
TARA_142_SRF_0.22-3,0.061815711119623425,0.05560376527512915,0.002511953030853446,0.029159298769022082,0.027613831630093323,0.00015430080551010654,0.037119622531653476,0.0,0.031251513452083636,0.26228271388204466,0.017819756783198495,0.0340811149110429,0.006814507197656979,0.06639839128305604,0.03465576973652893,0.0,0.0657965712588226,0.016848374791799965,0.016735088061096352,0.11065121947060613,0.12268649601017823,TARA_B100002051,SRF,Coastal,NAO,CARB,25.51,-88.38,5.4,25.0,36.2,194.3,-2.2,0.02,0.0
TARA_145_MES_0.22-3,0.06419779703927785,0.04623680141498148,0.0023296655344500036,0.008028595876494073,0.06355100980027592,0.0010268744402121954,0.031573578072746446,0.0,0.007546378134547199,0.11765626580756657,0.03951656233478997,0.016402389330697743,0.009308481821312132,0.03664861864080445,0.038295478875508736,0.0,0.05069852363959592,0.0066709320495202395,0.028745376308773763,0.19067180777465698,0.24089486310378824,TARA_B100001146,MES/OMZ,Westerlies,NAO,GFST,39.19,-70.08,585.7,5.1,35.0,230.2,19.9,0.01,1.47
TARA_145_SRF_0.22-3,0.07912317146522874,0.045350652606338915,0.00048078995873542424,0.010910671114001706,0.036001420188933216,0.00021251552727709892,0.040717157016216116,0.0,0.004114681417210567,0.1315194769590103,0.020701048122855847,0.0271821677330655,0.007572000357987398,0.05128707391427104,0.03308142940874827,0.0,0.04040655915592538,0.009628933464284598,0.020636185780405394,0.1834805916969741,0.2575934741125303,TARA_B100001142,SRF,Westerlies,NAO,GFST,39.23,-70.03,5.5,14.1,35.2,233.9,3.5,0.11,0.35
TARA_146_MES_0.22-3,0.06338328734835026,0.042553539422714226,0.0018192687520023816,0.00710034454808554,0.06627548265129672,0.001031139167538687,0.03238632948614042,0.0,0.006976973503775367,0.13361608999746658,0.04376429445898589,0.01850550538148778,0.010309248656869812,0.0358903520181994,0.043267836707434615,0.0,0.043764126009633385,0.008832362968032923,0.028542707623475435,0.1797323607291279,0.2322487505693827,TARA_B100001167,MES,Westerlies,NAO,NAST-W,34.63,-71.26,633.3,11.0,35.4,138.1,21.8,0.0,1.31
TARA_146_SRF_0.22-3,0.06464460452568552,0.04912143841999389,0.0008121516655502218,0.01574771934904513,0.051956321104113176,0.00039396506858757824,0.03947460590258305,0.0,0.006495041032556781,0.14405673422072593,0.035833221906878154,0.02238840330225644,0.007202340475064215,0.04903955195510992,0.04082960173733496,0.0,0.037987976747519345,0.012442917728861172,0.02204944601381692,0.1690650037533734,0.2304589550909443,TARA_B100001540,SRF,Westerlies,NAO,NAST-W,34.68,-71.3,11.7,19.1,36.5,214.4,0.9,0.22,0.02
TARA_148_SRF_0.22-3,0.06821644548690542,0.06577292255919243,0.0015431505721836439,0.023608384413682893,0.03880240071185506,0.0003655943305946476,0.04089730856459504,0.0,0.015215387228157209,0.19948846885739127,0.027455841472424657,0.029112891285441162,0.007969060176477425,0.05847029697583407,0.03423994026662089,0.0,0.05108412333084431,0.017572867451079187,0.016380262926502454,0.1325775267192561,0.17122712667096202,TARA_B100001741,SRF,Westerlies,NAO,NAST-W,31.7,-64.25,6.1,20.4,36.6,212.6,,0.09,0.0
TARA_148b_MES_0.22-3,0.05756562250171224,0.04054602227173949,0.002084404340555905,0.008175179192106133,0.05669456789665613,0.0013160741349628952,0.0330530484256745,0.0,0.005026231980813272,0.1358872067977096,0.04299298789367736,0.024534375258528095,0.011034535281874187,0.042905147883772546,0.05152709589329202,0.0,0.048848702541795824,0.00653501161072236,0.027457887819977482,0.1736783723613707,0.23013752591305914,TARA_B100001750,MES,Westerlies,NAO,NAST-W,34.02,-56.87,246.4,18.2,36.6,191.8,4.0,0.03,0.18
TARA_149_MES_0.22-3,0.06542982259437238,0.04256051528296847,0.0022516795205686476,0.007148355243967105,0.06754780975721823,0.0010009779749361064,0.03331715850822358,0.0,0.006686907700318024,0.1164693566189041,0.04649761471009565,0.016729470344659866,0.009352968236363059,0.03681239685167454,0.038495509213572573,0.0,0.03800621624987288,0.0072809152641872665,0.028459473214175912,0.18763522638747293,0.24831762632644874,TARA_B100001765,MES,Westerlies,NAO,NAST-W,34.1,-49.78,734.3,10.6,35.4,155.2,21.3,0.01,1.36
TARA_149_SRF_0.22-3,0.0702774728699585,0.06087332331287691,0.0006912959878896397,0.020320540186358996,0.03748578734480774,0.0002484673215410222,0.03272627946874131,0.0,0.0055228208098699995,0.16816363231627604,0.026861329221696133,0.0336141401404192,0.008204999666311153,0.05876644444451256,0.03276263088560921,0.0,0.049858115440111345,0.01860679279656807,0.015950983210326564,0.1409437115248954,0.21812123305123027,TARA_B100001758,SRF,Westerlies,NAO,NAST-W,34.1,-49.89,5.5,18.7,36.4,220.2,-1.2,0.25,0.06
TARA_150_DCM_0.22-3,0.06680737995387549,0.06623330161030554,0.002117310727914921,0.02814479011045305,0.020220692595613626,0.0002317867497819163,0.03677058121520305,0.0,0.029795426032851256,0.2993617903187572,0.013199172826092726,0.04919446711466151,0.006994738616301157,0.045187613521821296,0.022791984820665297,0.0,0.08175263423624529,0.020927018137202585,0.012933333618563731,0.10421130074694063,0.09312467704674976,TARA_B100001778,DCM,Westerlies,NAO,NAST-W,35.75,-37.05,39.8,17.7,36.2,230.1,1.2,0.04,0.0
TARA_150_SRF_0.22-3,0.08384946537590465,0.061453116697621005,0.0016525062759622964,0.023457023630957387,0.021826599415374334,0.0001268224555936394,0.04306108524148594,0.0,0.028794765487422627,0.3246581459404058,0.012134978658010581,0.02844779471023659,0.008966290481017724,0.05854580315554313,0.020052207087441154,0.0,0.055209365336365515,0.020209822570276502,0.009758146150595478,0.09109179113537465,0.10670427019441106,TARA_B100001769,SRF,Westerlies,NAO,NAST-W,35.91,-37.26,5.5,17.6,36.3,228.4,-0.3,0.04,0.01
TARA_151_DCM_0.22-3,0.07007428296201548,0.06004120199897966,0.0021719882399953263,0.026842808835100433,0.04150542445848579,0.00043889309422584,0.030281812352225823,0.0,0.007994230241170816,0.16088047130489613,0.024676292360992426,0.03254743581407372,0.009802216056492207,0.04391190687342128,0.03796832985257952,0.0,0.0482976948315282,0.018185470533410294,0.018793228342867462,0.15455545887362213,0.21103085297391752,TARA_B100001559,DCM,Westerlies,NAO,NAST-E,36.19,-28.88,77.6,16.8,36.2,228.5,1.6,0.01,0.01
TARA_151_SRF_0.22-3,0.08375037631583525,0.06462515134697269,0.002398884359069463,0.04953889412430507,0.01609824353661296,4.2311255009175264e-05,0.026838401481645735,0.0,0.021657455452781797,0.2636528211161797,0.0052270040471951084,0.04301628859823985,0.011922372140599883,0.05972561308259256,0.009545231668547947,0.0,0.07173372074652719,0.024845017997179388,0.0046262962863493715,0.09751167921526645,0.1432442372290903,TARA_B100001564,SRF,Westerlies,NAO,NAST-E,36.16,-29.01,5.4,17.3,36.2,232.1,0.3,0.02,0.01
TARA_152_MES_0.22-3,0.062499657310124905,0.03879996544744597,0.002463227260266241,0.007082020063409071,0.06531302369935371,0.0010805892894239018,0.030725852751633285,0.0,0.006814978830205591,0.11803961514847602,0.05102323047325062,0.018478930176670193,0.009749606410001218,0.03580328941488364,0.03945910505840893,0.0,0.0728311979990866,0.0063853786730788545,0.026465417665788735,0.17705267067876104,0.22993224364973164,TARA_B100001179,MES,Westerlies,NAO,NAST-E,43.74,-16.88,791.8,10.2,35.5,175.3,18.2,0.01,1.12
TARA_152_MIX_0.22-3,0.0944199353044123,0.06086038818738601,0.0013969895980327498,0.01389853210748529,0.027726446794452228,9.470555170993358e-05,0.03585571558891422,0.0,0.010554114116660603,0.22564196692995955,0.021674993102471028,0.034531625541510104,0.010268846397411291,0.0539454987566074,0.025165468651018503,0.0,0.05176757764862223,0.014647354324096378,0.016322617792036812,0.12227917213927908,0.17894805146793422,TARA_B100001175,MIX,Westerlies,NAO,NAST-E,43.79,-16.89,23.9,14.3,36.0,239.4,3.8,0.32,0.17
TARA_152_SRF_0.22-3,0.09837902246420725,0.06599070845967663,0.0010995855524077165,0.01507607839165447,0.022469289711222397,0.00010390833126966836,0.03917464706387771,0.0,0.013549488733280435,0.2561730395035361,0.0203206035980326,0.036299264928959595,0.010866744624989242,0.05651708045878544,0.022548137817715,0.0,0.05453519446775892,0.016458882825865054,0.013238347520447743,0.10399267881636272,0.1532072967299513,TARA_B100001173,SRF,Westerlies,NAO,NAST-E,43.69,-16.85,5.4,14.3,36.0,243.1,3.0,0.31,0.16
